first_name,middle_name,last_name,address,msisdn,email,gender
Michael,David,Mitchell,123 Maple Ave,231772345678,michael.mitchell@example.com,male
Emma,Jessica,Roberts,456 Oak Blvd,231775456789,emma.roberts@example.com,female
Jacob,James,Johnson,789 Pine Ct,231776567890,jacob.johnson@example.com,male
Olivia,Charlotte,Moore,101 Birch St,231777678901,olivia.moore@example.com,female
Noah,Aiden,Martinez,202 Cedar Dr,231778789012,noah.martinez@example.com,male
Sophia,Amelia,Garcia,303 Elm Ln,231779890123,sophia.garcia@example.com,female
Liam,William,Clark,404 Maple Rd,231555901234,liam.clark@example.com,male
Isabella,Emily,Adams,505 Oak Ave,231880012345,isabella.adams@example.com,female
Ethan,Michael,Walker,606 Pine Blvd,231881123456,ethan.walker@example.com,male
Ava,Olivia,Collins,707 Birch Dr,231886234567,ava.collins@example.com,female
Logan,Jackson,Scott,808 Cedar Ct,231887345678,logan.scott@example.com,male
Mia,Sophia,Young,909 Maple St,231888456789,mia.young@example.com,female
Alexander,Daniel,Anderson,101 Oak Ave,231770567890,alexander.anderson@example.com,male
Grace,Emma,Robinson,202 Pine Rd,231772678901,grace.robinson@example.com,female
Lucas,Matthew,Harris,303 Birch Ln,231775789012,lucas.harris@example.com,male
Harper,Isabella,Allen,404 Cedar Blvd,231776890123,harper.allen@example.com,female
Benjamin,Noah,Young,505 Maple Ct,231777901234,benjamin.young@example.com,male
Ella,Chloe,Scott,606 Oak Dr,231778012345,ella.scott@example.com,female
Henry,William,Walker,707 Pine Ave,231779123456,henry.walker@example.com,male
Charlotte,Amelia,Mitchell,808 Birch Blvd,231555234567,charlotte.mitchell@example.com,female
Oliver,James,Adams,909 Cedar Rd,231880345678,oliver.adams@example.com,male
