first_name,middle_name,last_name,address,msisdn,email,gender
Liam,James,Smith,123 Elm St,231555123456,liam.smith@example.com,male
Emma,Olivia,Johnson,456 Maple Rd,231880654321,emma.johnson@example.com,female
Noah,Daniel,Brown,789 Oak Ln,231881234567,noah.brown@example.com,male
Ava,Marie,Davis,101 Pine Blvd,231886345678,ava.davis@example.com,female
Oliver,Michael,Martinez,202 Cedar St,231887456789,oliver.martinez@example.com,male
Sophia,Grace,Garcia,303 Birch Dr,231888567890,sophia.garcia@example.com,female
Elijah,Andrew,Wilson,404 Willow Way,231770678901,elijah.wilson@example.com,male
Mia,Elizabeth,Lee,505 Spruce Ave,231772789012,mia.lee@example.com,female
Lucas,Matthew,Moore,606 Fir Rd,231775890123,lucas.moore@example.com,male
Isabella,Jane,Martin,707 Redwood Ct,231776901234,isabella.martin@example.com,female
Ethan,Robert,Clark,808 Maple St,231777012345,ethan.clark@example.com,male
Avery,Charlotte,Scott,909 Oak Dr,231778123456,avery.scott@example.com,female
Mason,Henry,Adams,101 Pine Rd,231779234567,mason.adams@example.com,male
Lily,Alice,Walker,202 Elm Ln,231555345678,lily.walker@example.com,female
James,William,Young,303 Birch Blvd,231880456789,james.young@example.com,male
Olivia,Sophia,King,404 Cedar Ct,231881567890,olivia.king@example.com,female
Benjamin,Lucas,Hall,505 Willow St,231886678901,benjamin.hall@example.com,male
Mia,Emily,Allen,606 Spruce Dr,231887789012,mia.allen@example.com,female
Jacob,Alexander,Lee,707 Fir Ave,231888890123,jacob.lee@example.com,male
Charlotte,Grace,Collins,808 Redwood Rd,231770901234,charlotte.collins@example.com,female