first_name,middle_name,last_name,address,msisdn,email,gender
Harrison,Samuel,King,101 Maple St,231777123456,harrison.king@example.com,male
Lily,Ava,Morris,202 Oak Ave,231778234567,lily.morris@example.com,female
Mason,James,Green,303 Cedar Blvd,231779345678,mason.green@example.com,male
Chloe,Sofia,Hall,404 Pine Dr,231770456789,chloe.hall@example.com,female
Jackson,William,Young,505 Birch Ct,231772567890,jackson.young@example.com,male
Amelia,Grace,Allen,606 Cedar St,231775678901,amelia.allen@example.com,female
Ethan,Oliver,Scott,707 Maple Rd,231776789012,ethan.scott@example.com,male
Ella,Charlotte,Adams,808 Oak Ln,231777890123,ella.adams@example.com,female
Logan,Lucas,Wilson,909 Pine Blvd,231778901234,logan.wilson@example.com,male
Isabella,Sophia,Martin,101 Birch St,231779012345,isabella.martin@example.com,female
James,Henry,Clark,202 Maple Dr,231555678901,james.clark@example.com,male
Mia,Emily,Roberts,303 Oak Ct,231880789012,mia.roberts@example.com,female
Aiden,Logan,Collins,404 Cedar Ave,231881890123,aiden.collins@example.com,male
Sofia,Olivia,Mitchell,505 Pine Rd,231886901234,sofia.mitchell@example.com,female
Benjamin,Noah,Green,606 Birch Dr,231887012345,benjamin.green@example.com,male
Harper,Evelyn,Johnson,707 Oak Blvd,231888123456,harper.johnson@example.com,female
Ryan,Daniel,Lee,808 Maple Ln,231770234567,ryan.lee@example.com,male
Ella,Amelia,Harris,909 Cedar Ct,231772345678,ella.harris@example.com,female
Lucas,Michael,Moore,101 Pine Blvd,231775456789,lucas.moore@example.com,male
Olivia,Chloe,Walker,202 Birch Ave,231776567890,olivia.walker@example.com,female
Alexander,James,Scott,303 Oak Rd,231777678901,alexander.scott@example.com,male
