first_name,middle_name,last_name,address,msisdn,email,gender
Elijah,Christopher,Lee,123 Cedar Blvd,231778345678,elijah.lee@example.com,male
Mia,Charlotte,King,456 Pine St,231779456789,mia.king@example.com,female
James,Oliver,Moore,789 Oak Ln,231770567890,james.moore@example.com,male
Olivia,Amelia,Adams,101 Birch Rd,231772678901,olivia.adams@example.com,female
Lucas,Henry,Walker,202 Maple Ct,231775789012,lucas.walker@example.com,male
Sophia,Eva,Green,303 Oak Blvd,231776890123,sophia.green@example.com,female
Jackson,Daniel,Young,404 Cedar Dr,231777901234,jackson.young@example.com,male
Chloe,Lily,Smith,505 Pine Ave,231778012345,chloe.smith@example.com,female
Mason,Elijah,Johnson,606 Birch Ln,231779123456,mason.johnson@example.com,male
Ava,Grace,Roberts,707 Maple Rd,231555234567,ava.roberts@example.com,female
Noah,William,Mitchell,808 Oak Ct,231880345678,noah.mitchell@example.com,male
Emma,Sophia,Wilson,909 Pine Blvd,231881456789,emma.wilson@example.com,female
Ethan,Logan,Collins,101 Birch Ave,231886567890,ethan.collins@example.com,male
Isabella,Mia,Young,202 Cedar Ct,231887678901,isabella.young@example.com,female
Harper,Aiden,Green,303 Maple Ln,231888789012,harper.green@example.com,male
Benjamin,Oliver,Lee,404 Pine St,231770890123,benjamin.lee@example.com,male
Ella,Emily,Harris,505 Oak Blvd,231772901234,ella.harris@example.com,female
Ryan,Matthew,Scott,606 Cedar Ave,231775012345,ryan.scott@example.com,male
Chloe,Olivia,Adams,707 Birch Blvd,231776123456,chloe.adams@example.com,female
Logan,James,Roberts,808 Maple Ct,231777234567,logan.roberts@example.com,male
Sofia,Amelia,King,909 Oak Ln,231778345678,sofia.king@example.com,female
