first_name,middle_name,last_name,address,msisdn,email,gender
Jack,Henry,James,123 Cedar St,231881234567,jack.james@example.com,male
Sophia,Lily,Brown,456 Pine Ave,231886345678,sophia.brown@example.com,female
Mason,Elijah,Smith,789 Oak Blvd,231887456789,mason.smith@example.com,male
Emily,Chloe,Wilson,101 Birch Ln,231888567890,emily.wilson@example.com,female
Aiden,Noah,Thomas,202 Maple Dr,231770678901,aiden.thomas@example.com,male
Ava,Mia,Roberts,303 Cedar Ct,231772789012,ava.roberts@example.com,female
James,Daniel,Young,404 Oak Rd,231775890123,james.young@example.com,male
Ella,Grace,Martin,505 Pine Blvd,231776901234,ella.martin@example.com,female
Ryan,Lucas,Lee,606 Birch Ave,231777012345,ryan.lee@example.com,male
Olivia,Sophia,Walker,707 Cedar St,231778123456,olivia.walker@example.com,female
William,Jack,Adams,808 Maple Ln,231779234567,william.adams@example.com,male
Isabella,Chloe,Harris,909 Oak Ct,231555345678,isabella.harris@example.com,female
Logan,Alexander,Martinez,101 Pine Ave,231880456789,logan.martinez@example.com,male
Charlotte,Emma,Scott,202 Birch Blvd,231881567890,charlotte.scott@example.com,female
Noah,Ethan,Garcia,303 Cedar Dr,231886678901,noah.garcia@example.com,male
Mia,Harper,Robinson,404 Maple St,231887789012,mia.robinson@example.com,female
Elijah,Michael,Collins,505 Oak Blvd,231888890123,elijah.collins@example.com,male
Avery,Olivia,Moore,606 Pine Ct,231770901234,avery.moore@example.com,female
Benjamin,Lucas,Young,707 Birch Rd,231772012345,benjamin.young@example.com,male
Emily,Amelia,Smith,808 Cedar Ln,231775123456,emily.smith@example.com,female
Daniel,Jackson,Johnson,909 Maple Ave,231776234567,daniel.johnson@example.com,male
